Elapsed (s),Time,nGen-400 Uptime,nGen-400 Hours,Anode PWM_Duty_Cycle,Anode Voltage,Anode Current,Getter PWM_Duty_Cycle,Getter Current,Neutron Counts,Neutron Count_Rate,Neutron Count_Rate_Avg,Neutron Count_Rate_Stdev_Pct,RF Freq_Synth,Suppressor Current,Suppressor Voltage,Pulsing Rep_Rate,Pulsing Duty_Cycle,Pulsing Ext_Trig_Select,Calculations Current_Ratio,Faults Anode_Voltage_Too_High,Faults Arc_dI_dt,Faults Arc_I,Faults Blinkout,Faults E_Beam_Power_Too_High,Faults Interlock,Faults Suppressor_Voltage_Too_Low,State_Machine State,State_Machine Source,State_Machine Destination,State_Machine Fault
0.0,4/3/2026 12:56:16 PM,414.4,101.7,0,0.764,0.04116,0,0.001611,0,0,0,100,16.28,0.002296,0.03172,1,1,0,0,1,0,1,-1,1,0,4,2.25,2,4,[ OK ]
1.0,4/3/2026 12:56:17 PM,415.4,101.7,0,1.019,0.04453,0.2325,0.1031,0,0,0,100,16.28,0.00278,0,1,1,0,0,1,0,1,-1,1,0,4,3,2,4,[ OK ]
2.0,4/3/2026 12:56:18 PM,416.4,101.7,0,0.5094,0.04533,0.3086,0.5414,0,0,0,100,16.28,0.002578,0,1,1,0,0,1,0,1,-1,1,0,4,3,3,4,[ OK ]
3.0,4/3/2026 12:56:19 PM,417.4,101.7,0,0.7481,0.04225,0.3617,0.8411,0,0,0,100,16.28,0.00145,0.0571,1,1,0,0,1,0,1,-1,1,0,4,3.105,3,4,[ OK ]
4.0,4/3/2026 12:56:20 PM,418.4,101.7,0,1.019,0.04215,0.4005,1.049,0,0,0,100,16.28,0.2121,404.5,1,1,0,0,1,0,1,-1,1,3,1,3.211,3,4,Interlock
5.0,4/3/2026 12:56:21 PM,419.4,101.7,0,0.764,0.03868,0.4268,1.192,0,0,0,100,16.28,0.2111,404.5,1,1,0,0,1,0,1,-1,1,0,1,4,4,1,Interlock
6.1,4/3/2026 12:56:22 PM,420.5,101.7,0,1.066,0.04186,0.4454,1.303,0,0,0,100,16.28,0.2107,404.3,1,1,0,0,1,0,1,-1,1,0,1,3.75,4,1,Interlock
7.1,4/3/2026 12:56:23 PM,421.5,101.7,0,0.9232,0.04225,0.4594,1.362,0,0,0,100,16.28,0.2119,404.5,1,1,0,0,1,0,1,-1,1,0,1,3.375,4,1,Interlock
8.2,4/3/2026 12:56:24 PM,422.5,101.7,0,1.178,0.03818,0.4688,1.415,0,0,0,100,16.28,0.00141,4.188,1,0,0,0,1,0,1,-1,1,0,2.271,3,4,1,Interlock
9.2,4/3/2026 12:56:25 PM,423.6,101.7,0,0.78,0.04265,0,0.002618,0,0,0,100,16.28,0.0029,0.4441,1,0,0,0,1,0,1,-1,1,0,3,2,3,1,Interlock
315.4,4/3/2026 1:01:32 PM,729.8,101.7,0,1.082,0.04344,0,0.00846,0,0,0,100,16.28,0.003545,0,2.122E-314,0,0,0,1,0,1,-1,1,0,4,2.25,2,4,[ OK ]
316.6,4/3/2026 1:01:33 PM,731,101.7,0,0.6208,0.03858,0.2234,0.06033,0,0,0,100,16.28,0.001289,0,2.122E-314,0,0,0,1,0,1,-1,1,0,4,3,2,4,[ OK ]
317.8,4/3/2026 1:01:34 PM,732.2,101.7,0,0.9391,0.04156,0.3179,0.5834,0,0,0,100,16.28,0.003223,0,2.122E-314,0,0,0,1,0,1,-1,1,0,4,3,3,4,[ OK ]
319.1,4/3/2026 1:01:35 PM,733.4,101.7,0,0.8914,0.03868,0.3767,0.9281,0,0,0,100,16.28,0.003706,0.006345,2.122E-314,0,0,0,1,0,1,-1,1,0,4,3.105,3,4,[ OK ]
320.4,4/3/2026 1:01:37 PM,734.7,101.7,0,1.449,0.03928,0.4173,1.142,0,0,0,100,16.28,0.2129,404.2,2.122E-314,0,0,0,1,0,1,-1,1,3,1,3.211,3,4,Interlock
321.5,4/3/2026 1:01:38 PM,736,101.7,0,1.464,0.04136,0.4425,1.27,0,0,0,100,16.28,0.2111,404.3,2.122E-314,0,0,0,1,0,1,-1,1,0,1,4,4,1,Interlock
322.7,4/3/2026 1:01:39 PM,737.1,101.7,0,0.78,0.03938,0.4576,1.356,0,0,0,100,16.28,0.2109,404.1,2.122E-314,0,0,0,1,0,1,-1,1,0,1,3.75,4,1,Interlock
324.0,4/3/2026 1:01:40 PM,738.3,101.7,0,0.9391,0.04106,0.4682,1.415,0,0,0,100,16.28,0.2111,404.5,2.122E-314,0,0,0,1,0,1,-1,1,0,1,3.5,4,1,Interlock
325.3,4/3/2026 1:01:42 PM,739.6,101.7,0,1.082,0.04434,0.4755,1.456,0,0,0,100,16.28,0.002498,2.259,2.122E-314,0,0,0,1,0,1,-1,1,0,2.499,3,4,1,Interlock
326.5,4/3/2026 1:01:43 PM,740.9,101.7,0,1.035,0.04225,0,0.01108,0,0,0,100,16.28,0.002538,0.2792,2.122E-314,0,0,0,1,0,1,-1,1,0,3,2,3,1,Interlock
510.3,4/3/2026 1:04:46 PM,924.7,101.7,0,0.8755,0.04136,0,0.01027,0,0,0,100,16.28,0.002256,0,2.122E-314,0,0,0,1,0,1,-1,1,0,4,2.25,2,4,[ OK ]
511.5,4/3/2026 1:04:48 PM,925.9,101.7,0,0.8755,0.04255,0.2222,0.05489,0,0,0,100,16.28,0.002417,0,2.122E-314,0,0,0,1,0,1,-1,1,0,4,3,2,4,[ OK ]
512.7,4/3/2026 1:04:49 PM,927.1,101.7,0,1.082,0.04235,0.3167,0.5822,0,0,0,100,16.28,0.00278,0,2.122E-314,0,0,0,1,0,1,-1,1,0,4,3,3,4,[ OK ]
514.0,4/3/2026 1:04:50 PM,928.3,101.7,0,1.385,0.04414,0.3767,0.9177,0,0,0,100,16.28,0.002699,0,2.122E-314,0,0,0,1,0,1,-1,1,0,4,3.105,3,4,[ OK ]
515.2,4/3/2026 1:04:51 PM,929.6,101.7,0,0.9232,0.04344,0.4166,1.134,0,0,0,100,16.28,0.2115,404.4,2.122E-314,0,0,0,1,0,1,-1,1,0,1,3.211,3,4,[ OK ]
516.5,4/3/2026 1:04:53 PM,930.8,101.7,0,0.5094,0.04255,0.4414,1.273,0,0,0,100,16.28,0.2124,404.5,200,1,0,0,1,0,1,-1,1,0,1,3.368,3,4,[ OK ]
517.7,4/3/2026 1:04:54 PM,932.1,101.7,0,0.6845,0.04076,0.4588,1.353,0,0,0,100,16.28,0.2088,404.3,200,1,0,0,1,0,1,-1,1,0,1,3.474,3,4,[ OK ]
518.8,4/3/2026 1:04:55 PM,933.2,101.7,0.02548,8.659,0.04314,0.4692,1.411,0,0,0,100,16.28,0.2131,404.2,200,1,0,-1,1,0,1,-1,1,1,1,3.632,3,4,[ OK ]
520.0,4/3/2026 1:04:56 PM,934.4,101.7,0.03293,22.01,0.04632,0.4755,1.458,0,0,0,100,16.28,0.2102,404.2,200,1,0,-1,1,0,1,-1,1,1,1,3.684,3,4,[ OK ]
521.2,4/3/2026 1:04:57 PM,935.7,101.7,0.03767,32.6,0.05049,0.6019,2.12,0,0,0,100,16.28,0.2104,404.2,200,1,0,-1,1,0,1,-1,1,1,1,3.789,3,4,[ OK ]
522.3,4/3/2026 1:04:59 PM,936.9,101.7,0.04139,37.95,0.04275,0.6458,2.347,0,0,0,100,16.28,0.2143,404.4,200,1,0,-1,1,0,1,-1,1,1,1,3.789,3,4,[ OK ]
522.9,4/3/2026 1:04:59 PM,937.9,101.7,0.04327,41.02,0.0484,0.6706,2.465,0,0,0,100,16.28,0.213,404.4,200,1,0,-1,1,0,1,-1,1,1,1,3.789,3,4,[ OK ]
523.4,4/3/2026 1:05:00 PM,938.4,101.7,0.04421,42.34,0.04582,0.6812,2.516,0,0,0,100,16.28,0.2137,404.3,200,1,0,-1,1,0,1,-1,1,1,1,3.789,3,4,[ OK ]
523.9,4/3/2026 1:05:00 PM,938.9,101.7,0.04475,43.66,0.04949,0.6896,2.543,0,0,0,100,16.28,0.2127,404.4,200,1,0,-1,1,0,1,-1,1,1,1,3.789,3,4,[ OK ]
524.4,4/3/2026 1:05:01 PM,939.4,101.7,0.0453,44.98,0.04741,0.6977,2.58,0,0,0,100,16.28,0.2131,404.1,200,1,0,-1,1,0,1,-1,1,1,1,3.789,3,4,[ OK ]
524.9,4/3/2026 1:05:01 PM,939.9,101.7,0.0459,45.27,0.0483,0.7036,2.606,0,0,0,100,16.28,0.2153,404.2,200,1,0,-1,1,0,1,-1,1,1,1,3.789,3,4,[ OK ]
525.3,4/3/2026 1:05:02 PM,940.4,101.7,0.04628,46.21,0.04592,0.7105,2.63,0,0,0,100,16.28,0.2153,404.2,200,1,0,-1,1,0,1,-1,1,1,1,3.789,3,4,[ OK ]
525.9,4/3/2026 1:05:02 PM,940.9,101.7,0.04672,46.42,0.0492,0.7152,2.649,0,0,0,100,16.28,0.213,404.2,200,1,0,-1,1,0,1,-1,1,1,1,3.789,3,4,[ OK ]
526.3,4/3/2026 1:05:03 PM,941.4,101.7,0.04692,47.35,0.0489,0.7205,2.669,0,0,0,100,16.28,0.2135,404.3,200,1,0,-1,1,0,1,-1,1,1,1,3.789,3,4,[ OK ]
526.9,4/3/2026 1:05:03 PM,941.8,101.7,0.04719,47.63,0.04761,0.7245,2.681,0,0,0,100,16.28,0.2147,404.3,200,1,0,-1,1,0,1,-1,1,1,1,3.789,3,4,[ OK ]
527.3,4/3/2026 1:05:04 PM,942.4,101.7,0.04715,48.9,0.04582,0.7299,2.684,0,0,0,100,16.28,0.2139,404.3,200,1,0,-1,1,0,1,-1,1,1,1,3.789,3,4,[ OK ]
527.9,4/3/2026 1:05:04 PM,942.8,101.7,0.04815,46.37,0.04364,0.7327,2.699,0,0,0,100,16.28,0.2146,404.6,200,1,0,-1,1,0,1,-1,1,1,1,3.789,3,4,[ OK ]
528.3,4/3/2026 1:05:05 PM,943.4,101.7,0.04756,48.9,0.04672,0.7362,2.713,0,0,0,100,16.28,0.2139,404.5,200,1,0,-1,1,0,1,-1,1,1,1,3.789,3,4,[ OK ]
528.9,4/3/2026 1:05:05 PM,943.8,101.7,0.04765,49.31,0.04771,0.7392,2.719,0,0,0,100,16.28,0.2141,404.5,200,1,0,-1,1,0,1,-1,1,1,1,3.789,3,4,[ OK ]
529.4,4/3/2026 1:05:06 PM,944.5,101.7,0.04796,48.9,0.04622,0.7426,2.733,0,0,0,100,16.28,0.2146,404.1,200,1,0,-1,1,0,1,-1,1,1,1,3.789,3,4,[ OK ]
529.9,4/3/2026 1:05:06 PM,944.8,101.7,0.04793,49.31,0.04652,0.7465,2.717,0,0,0,100,16.28,0.2123,404.4,200,1,0,-1,1,0,1,-1,1,1,1,3.789,3,4,[ OK ]
530.3,4/3/2026 1:05:07 PM,945.4,101.7,0.04813,49.15,0.0489,0.7491,2.726,0,0,0,100,16.28,0.2146,404.5,200,1,0,-1,1,0,1,-1,1,1,1,3.789,3,4,[ OK ]
530.8,4/3/2026 1:05:07 PM,945.8,101.7,0.04833,48.9,0.04781,0.7507,2.738,0,0,0,100,16.28,0.2132,404.2,200,1,0,-1,1,0,1,-1,1,1,1,3.789,3,4,[ OK ]
531.3,4/3/2026 1:05:07 PM,946.2,101.7,0.0484,48.9,0.04602,0.7535,2.733,0,0,0,100,16.28,0.2127,404.3,200,1,0,-1,1,0,1,-1,1,1,1,3.789,3,4,[ OK ]
531.7,4/3/2026 1:05:08 PM,946.8,101.7,0.04821,49.85,0.04969,0.756,2.739,0,0,0,100,16.28,0.2133,404.3,200,1,0,-1,1,0,1,-1,1,1,1,3.789,3,4,[ OK ]
532.3,4/3/2026 1:05:08 PM,947.2,101.7,0.04857,48.91,0.0488,0.7578,2.744,0,0,0,100,16.28,0.2141,404,200,1,0,-1,1,0,1,-1,1,1,1,3.789,3,4,[ OK ]
532.7,4/3/2026 1:05:09 PM,947.8,101.7,0.04824,50.16,0.0489,0.7606,2.744,0,0,0,100,16.28,0.2127,404.2,200,1,0,-1,1,0,1,-1,1,1,1,3.789,3,4,[ OK ]
533.2,4/3/2026 1:05:09 PM,948.2,101.7,0.04829,50.17,0.04324,0.7624,2.748,0,0,0,100,16.28,0.214,404.3,200,1,0,-1,1,0,1,-1,1,1,1,3.789,3,4,[ OK ]
533.7,4/3/2026 1:05:10 PM,948.7,101.7,0.04846,49.85,0.04761,0.7644,2.754,0,0,0,100,16.28,0.2123,404.4,200,1,0,-1,1,0,1,-1,1,1,1,3.789,3,4,[ OK ]
534.2,4/3/2026 1:05:10 PM,949.2,101.7,0.0487,49.25,0.04791,0.7672,2.745,0,0,0,100,16.28,0.2127,404.4,200,1,0,-1,1,0,1,-1,1,1,1,3.789,3,4,[ OK ]
534.6,4/3/2026 1:05:11 PM,949.7,101.7,0.04861,49.68,0.04543,0.7695,2.749,0,0,0,100,16.28,0.2145,404.2,200,1,0,-1,1,0,1,-1,1,1,1,3.789,3,4,[ OK ]
535.1,4/3/2026 1:05:11 PM,950,101.7,0.04875,49.39,0.08868,0.7706,2.754,0,0,0,100,16.28,0.2146,404.1,200,1,0,-1,1,0,1,-1,1,1,1,3.789,3,4,[ OK ]
535.5,4/3/2026 1:05:12 PM,950.6,101.7,0.04905,48.9,0.1379,0.7735,2.746,0,0,0,100,16.28,0.2186,404.2,200,1,0,-0.5856,1,1,1,-1,1,1,1,3.789,3,4,[ OK ]
536.7,4/3/2026 1:05:13 PM,951,101.7,0.04971,47.63,0.1887,0.7744,2.757,0,0,0,100,16.28,0.2246,404.4,200,1,0,-0.1305,1,1,1,-1,1,1,1,3.947,3,4,[ OK ]
537.8,4/3/2026 1:05:14 PM,952.4,101.7,0.05154,46.37,0.1379,0.635,2.075,0,0,0,100,16.28,0.226,404.4,200,1,0,-0.6311,1,1,1,1,1,1,1,4,4,-1,[ OK ]
539.8,4/3/2026 1:05:16 PM,954.6,101.7,0.05746,49.57,0.1227,0.5804,1.808,0,0,0,100,16.28,0.2289,404.4,200,1,0,-0.8332,1,1,1,1,1,1,1,4,4,-1,[ OK ]
540.4,4/3/2026 1:05:17 PM,955.4,101.7,0.06453,52.74,0.1521,0.5684,1.741,0,0,0,100,16.28,0.2335,404.2,200,1,0,-0.5811,1,1,1,1,1,1,1,4,4,-1,[ OK ]
540.8,4/3/2026 1:05:17 PM,955.9,101.7,0.06771,55.52,0.1552,0.5617,1.713,0,0,0,100,16.28,0.2365,404.1,200,1,0,-0.5392,1,1,1,1,1,1,1,4,4,-1,[ OK ]
541.4,4/3/2026 1:05:18 PM,956.3,101.7,0.06963,58.61,0.1663,0.5574,1.689,0,0,0,100,16.28,0.2365,404.3,200,1,0,-0.4369,1,1,1,1,1,1,1,4,4,-1,[ OK ]
541.8,4/3/2026 1:05:18 PM,956.8,101.7,0.07834,62.64,0.1887,0.5518,1.671,0,0,0,100,16.28,0.2417,404,200,1,0,-0.2809,1,1,1,1,1,1,1,4,4,-1,[ OK ]
542.6,4/3/2026 1:05:19 PM,957.2,101.7,0.08053,65.2,0.1919,0.5497,1.653,0,0,0,100,16.28,0.2452,404.4,200,1,0,-0.2711,1,1,1,1,1,1,1,4,4,-1,[ OK ]
543.0,4/3/2026 1:05:19 PM,958.1,101.7,0.101,67.3,0.4273,0.5439,1.615,0,0,0,100,16.28,0.2756,404.2,200,1,0,0.3518,1,1,1,1,1,1,1,4,4,-1,[ OK ]
543.4,4/3/2026 1:05:20 PM,958.5,101.7,0.106,71.76,0.4426,0.5407,1.615,0,0,0,100,16.28,0.2761,404.3,200,1,0,0.3613,1,1,1,1,1,1,1,4,4,-1,[ OK ]
543.9,4/3/2026 1:05:20 PM,958.9,101.7,0.111,74.75,0.4456,0.5394,1.598,0,0,0,100,16.28,0.2781,404.1,200,1,0,0.3931,1,1,1,1,1,1,1,4,4,-1,[ OK ]
544.3,4/3/2026 1:05:20 PM,959.3,101.7,0.115,79.13,0.4565,0.5368,1.598,0,0,0,100,16.28,0.279,404.5,200,1,0,0.3893,1,1,1,1,1,1,1,4,4,-1,[ OK ]
544.7,4/3/2026 1:05:21 PM,959.8,101.7,0.1187,82.99,0.4759,0.5366,1.577,0,0,0,100,16.28,0.2807,404.3,200,1,0,0.3923,1,1,1,1,1,1,1,4,4,-1,[ OK ]
545.1,4/3/2026 1:05:21 PM,960.2,101.7,0.1221,86.66,0.4783,0.5351,1.572,0,0,0,100,16.28,0.2813,404.4,200,1,0,0.4064,1,1,1,1,1,1,1,4,4,-1,[ OK ]
545.5,4/3/2026 1:05:22 PM,960.6,101.7,0.1253,89.68,0.4727,0.5329,1.578,0,0,0,100,16.28,0.2815,404.3,200,1,0,0.4085,1,1,1,1,1,1,1,4,4,-1,[ OK ]
546.0,4/3/2026 1:05:22 PM,961,101.7,0.1282,92.27,0.4934,0.5317,1.574,0,0,0,100,16.28,0.2836,404.1,200,1,0,0.4273,1,1,1,1,1,1,1,4,4,-1,[ OK ]
546.4,4/3/2026 1:05:23 PM,961.4,101.7,0.1307,94.93,0.4998,0.5311,1.566,0,0,0,100,16.28,0.2859,404.4,200,1,0,0.413,1,1,1,1,1,1,1,4,4,-1,[ OK ]
546.8,4/3/2026 1:05:23 PM,961.9,101.7,0.1328,97.8,0.4976,0.5307,1.556,0,0,0,100,16.28,0.287,404.4,200,1,0,0.428,1,1,1,1,1,1,1,4,4,-1,[ OK ]
547.2,4/3/2026 1:05:23 PM,962.3,101.7,0.135,99.41,0.4944,0.5295,1.558,0,0,0,100,16.28,0.2881,404.2,200,1,0,0.4256,1,1,1,1,1,1,1,4,4,-1,[ OK ]
547.6,4/3/2026 1:05:24 PM,962.7,101.7,0.1368,101.6,0.5085,0.5296,1.547,0,0,0,100,16.28,0.2865,404.4,200,1,0,0.4303,1,1,1,1,1,1,1,4,4,-1,[ OK ]
548.0,4/3/2026 1:05:24 PM,963.1,101.7,0.1384,103.6,0.5045,0.5287,1.547,0,0,0,100,16.28,0.2857,404.3,200,1,0,0.4411,1,1,1,1,1,1,1,4,4,-1,[ OK ]
548.5,4/3/2026 1:05:25 PM,963.5,101.7,0.1402,104.4,0.5048,0.528,1.547,0,0,0,100,16.28,0.2861,404.4,200,1,0,0.4239,1,1,1,1,1,1,1,4,4,-1,[ OK ]
548.9,4/3/2026 1:05:25 PM,963.9,101.7,0.1414,106.3,0.4971,0.5273,1.547,0,0,0,100,16.28,0.2878,404.4,200,1,0,0.4208,1,1,1,1,1,1,1,4,4,-1,[ OK ]
549.3,4/3/2026 1:05:26 PM,964.4,101.7,0.1425,108,0.4968,0.5275,1.538,0,0,0,100,16.28,0.2873,404.4,200,1,0,0.4234,1,1,1,1,1,1,1,4,4,-1,[ OK ]
549.7,4/3/2026 1:05:26 PM,964.8,101.7,0.1436,109.2,0.4934,0.5271,1.536,0,0,0,100,16.28,0.2878,404.4,200,1,0,0.4213,1,1,1,1,1,1,1,4,4,-1,[ OK ]
550.1,4/3/2026 1:05:26 PM,965.2,101.7,0.1448,109.4,0.4966,0.5257,1.547,0,0,0,100,16.28,0.2915,404.4,200,1,0,0.4266,1,1,1,1,1,1,1,4,4,-1,[ OK ]
550.6,4/3/2026 1:05:27 PM,965.6,101.7,0.1454,111.7,0.4956,0.5254,1.547,0,0,0,100,16.28,0.2899,404.3,200,1,0,0.4335,1,1,1,1,1,1,1,4,4,-1,[ OK ]
551.0,4/3/2026 1:05:27 PM,966,101.7,0.1464,111.9,0.5013,0.5265,1.532,0,0,0,100,16.28,0.2922,404.2,200,1,0,0.4269,1,1,1,1,1,1,1,4,4,-1,[ OK ]
551.4,4/3/2026 1:05:28 PM,966.5,101.7,0.1471,112.7,0.5068,0.5255,1.54,0,0,0,100,16.28,0.2898,404,200,1,0,0.4334,1,1,1,1,1,1,1,4,4,-1,[ OK ]
551.8,4/3/2026 1:05:28 PM,966.9,101.7,0.1474,114.1,0.5125,0.5255,1.536,0,0,0,100,16.28,0.2908,404.4,200,1,0,0.4325,1,1,1,1,1,1,1,4,4,-1,[ OK ]
552.2,4/3/2026 1:05:28 PM,967.3,101.7,0.148,114.7,0.5025,0.5258,1.531,0,0,0,100,16.28,0.2907,404.4,200,1,0,0.4167,1,1,1,1,1,1,1,4,4,-1,[ OK ]
552.7,4/3/2026 1:05:29 PM,967.7,101.7,0.1487,114.5,0.5019,0.526,1.526,0,0,0,100,16.28,0.2894,404.1,200,1,0,0.4293,1,1,1,1,1,1,1,4,4,-1,[ OK ]
553.1,4/3/2026 1:05:29 PM,968.1,101.7,0.1493,114.9,0.5061,0.5254,1.529,0,0,0,100,16.28,0.286,404.4,200,1,0,0.4239,1,1,1,1,1,1,1,4,4,-1,[ OK ]
553.5,4/3/2026 1:05:30 PM,968.6,101.7,0.1496,115.7,0.5011,0.5257,1.524,0,0,0,100,16.28,0.2869,404,200,1,0,0.4187,1,1,1,1,1,1,1,4,4,-1,[ OK ]
553.9,4/3/2026 1:05:30 PM,969,101.7,0.1499,116.4,0.5012,0.5253,1.528,0,0,0,100,16.28,0.2882,404.1,200,1,0,0.4263,1,1,1,1,1,1,1,4,4,-1,[ OK ]
554.3,4/3/2026 1:05:31 PM,969.4,101.7,0.1505,115.9,0.506,0.5243,1.537,0,0,0,100,16.28,0.2901,404.1,200,1,0,0.412,1,1,1,1,1,1,1,4,4,-1,[ OK ]
554.7,4/3/2026 1:05:31 PM,969.8,101.7,0.1506,117,0.5053,0.5243,1.536,0,0,0,100,16.28,0.2903,404.1,200,1,0,0.4184,1,1,1,1,1,1,1,4,4,-1,[ OK ]
555.1,4/3/2026 1:05:31 PM,970.1,101.7,0.1509,117.1,0.4972,0.5241,1.538,0,0,0,100,16.28,0.288,404,200,1,0,0.4201,1,1,1,1,1,1,1,4,4,-1,[ OK ]
555.5,4/3/2026 1:05:32 PM,970.5,101.7,0.1511,117.5,0.4978,0.524,1.537,0,0,0,100,16.28,0.2879,404,200,1,0,0.4165,1,1,1,1,1,1,1,4,4,-1,[ OK ]
555.9,4/3/2026 1:05:32 PM,971,101.7,0.1512,118,0.4949,0.5242,1.536,0,0,0,100,16.28,0.2877,404.2,200,1,0,0.4323,1,1,1,1,1,1,1,4,4,-1,[ OK ]
556.3,4/3/2026 1:05:33 PM,971.4,101.7,0.1514,118.2,0.4934,0.5242,1.536,0,0,0,100,16.28,0.2846,404.1,200,1,0,0.4268,1,1,1,1,1,1,1,4,4,-1,[ OK ]
556.6,4/3/2026 1:05:33 PM,971.7,101.7,0.1517,117.7,0.5002,0.5251,1.524,0,0,0,100,16.28,0.2852,404.2,200,1,0,0.4265,1,1,1,1,1,1,1,4,4,-1,[ OK ]
557.0,4/3/2026 1:05:33 PM,972,101.7,0.1514,119.2,0.4964,0.5244,1.531,0,0,0,100,16.28,0.2838,404.7,200,1,0,0.4258,1,1,1,1,1,1,1,4,4,-1,[ OK ]
557.4,4/3/2026 1:05:34 PM,972.4,101.7,0.1518,118.6,0.4934,0.5248,1.526,0,0,0,100,16.28,0.2875,404,200,1,0,0.4249,1,1,1,1,1,1,1,4,4,-1,[ OK ]
557.7,4/3/2026 1:05:34 PM,972.8,101.7,0.1521,118.1,0.5013,0.5246,1.528,0,0,0,100,16.28,0.2868,404.4,200,1,0,0.4205,1,1,1,1,1,1,1,4,4,-1,[ OK ]
558.0,4/3/2026 1:05:34 PM,973.1,101.7,0.1519,119.1,0.4868,0.5242,1.531,0,0,0,100,16.28,0.2862,404.2,200,1,0,0.4199,1,1,1,1,1,1,1,4,4,-1,[ OK ]
558.4,4/3/2026 1:05:35 PM,973.5,101.7,0.152,119,0.4838,0.5236,1.538,0,0,0,100,16.28,0.2803,404.1,200,1,0,0.4318,1,1,1,1,1,1,1,4,4,-1,[ OK ]
558.8,4/3/2026 1:05:35 PM,973.9,101.7,0.1519,119.6,0.4965,0.5247,1.527,0,0,0,100,16.28,0.2849,404.1,200,1,0,0.4226,1,1,1,1,1,1,1,4,4,-1,[ OK ]
559.3,4/3/2026 1:05:35 PM,974.3,101.7,0.1522,119.2,0.487,0.5243,1.531,0,0,0,100,16.28,0.2824,404.2,200,1,0,0.429,1,1,1,1,1,1,1,4,4,-1,[ OK ]
559.7,4/3/2026 1:05:36 PM,974.7,101.7,0.1523,119.1,0.4974,0.5242,1.532,0,0,0,100,16.28,0.2803,404,200,1,0,0.4184,1,1,1,1,1,1,1,4,4,-1,[ OK ]
560.1,4/3/2026 1:05:36 PM,975.2,101.7,0.1523,119.5,0.479,0.5237,1.537,0,0,0,100,16.28,0.2826,404.2,200,1,0,0.4273,1,1,1,1,1,1,1,4,4,-1,[ OK ]
560.5,4/3/2026 1:05:37 PM,975.6,101.7,0.1523,119.6,0.4869,0.5239,1.535,0,0,0,100,16.28,0.2812,404.3,200,1,0,0.41,1,1,1,1,1,1,1,4,4,-1,[ OK ]
560.9,4/3/2026 1:05:37 PM,976,101.7,0.1523,119.6,0.4934,0.5238,1.536,0,0,0,100,16.28,0.2825,404.3,200,1,0,0.4299,1,1,1,1,1,1,1,4,4,-1,[ OK ]
561.4,4/3/2026 1:05:38 PM,976.4,101.7,0.1523,119.9,0.485,0.525,1.522,0,0,0,100,16.28,0.2841,404.1,200,1,0,0.4089,1,1,1,1,1,1,1,4,4,-1,[ OK ]
561.7,4/3/2026 1:05:38 PM,976.7,101.7,0.1524,119.8,0.4838,0.5241,1.532,0,0,0,100,16.28,0.2811,404.3,200,1,0,0.4075,1,1,1,1,1,1,1,4,4,-1,[ OK ]
562.0,4/3/2026 1:05:38 PM,977.1,101.7,0.1525,119.6,0.4839,0.5249,1.523,0,0,0,100,16.28,0.285,404.2,200,1,0,0.4077,1,1,1,1,1,1,1,4,4,-1,[ OK ]
562.4,4/3/2026 1:05:39 PM,977.5,101.7,0.1525,119.7,0.4785,0.5242,1.529,0,0,0,100,16.28,0.2823,404.4,200,1,0,0.4278,1,1,1,1,1,1,1,4,4,-1,[ OK ]
562.8,4/3/2026 1:05:39 PM,977.9,101.7,0.1525,119.7,0.4934,0.5245,1.526,0,0,0,100,16.28,0.2826,404.2,200,1,0,0.4052,1,1,1,1,1,1,1,4,4,-1,[ OK ]
563.2,4/3/2026 1:05:39 PM,978.3,101.7,0.1524,120,0.4778,0.5245,1.527,0,0,0,100,16.28,0.2807,404.2,200,1,0,0.4151,1,1,1,1,1,1,1,4,4,-1,[ OK ]
563.6,4/3/2026 1:05:40 PM,978.6,101.7,0.1523,120.6,0.4836,0.5237,1.535,0,0,0,100,16.28,0.2816,404.3,200,1,0,0.4,1,1,1,1,1,1,1,4,4,-1,[ OK ]
564.0,4/3/2026 1:05:40 PM,979.1,101.7,0.1524,120.1,0.4751,0.5244,1.527,0,0,0,100,16.28,0.2812,404.4,200,1,0,0.422,1,1,1,1,1,1,1,4,4,-1,[ OK ]
564.4,4/3/2026 1:05:41 PM,979.5,101.7,0.1526,119.6,0.4934,0.524,1.531,0,0,0,100,16.28,0.2813,404.4,200,1,0,0.4113,1,1,1,1,1,1,1,4,4,-1,[ OK ]
564.8,4/3/2026 1:05:41 PM,979.9,101.7,0.1525,120,0.4774,0.5236,1.536,0,0,0,100,16.28,0.2837,404.4,200,1,0,0.4127,1,1,1,1,1,1,1,4,4,-1,[ OK ]
565.2,4/3/2026 1:05:41 PM,980.3,101.7,0.1526,119.8,0.4836,0.5238,1.533,0,0,0,100,16.28,0.2819,404.4,200,1,0,0.413,1,1,1,1,1,1,1,4,4,-1,[ OK ]
565.7,4/3/2026 1:05:42 PM,980.7,101.7,0.1524,120.2,0.4806,0.524,1.531,0,0,0,100,16.28,0.279,404.3,200,1,0,0.4156,1,1,1,1,1,1,1,4,4,-1,[ OK ]
566.2,4/3/2026 1:05:42 PM,981.2,101.7,0.1524,120.2,0.468,0.5236,1.534,0,0,0,100,16.28,0.2802,404.1,200,1,0,0.4134,1,1,1,1,1,1,1,4,4,-1,[ OK ]
566.6,4/3/2026 1:05:43 PM,981.7,101.7,0.1523,120.4,0.4732,0.5239,1.531,0,0,0,100,16.28,0.2784,404.5,200,1,0,0.4172,1,1,1,1,1,1,1,4,4,-1,[ OK ]
567.0,4/3/2026 1:05:43 PM,982.1,101.7,0.1524,120.2,0.4768,0.5238,1.532,0,0,0,100,16.28,0.2783,404.2,200,1,0,0.4093,1,1,1,1,1,1,1,4,4,-1,[ OK ]
567.4,4/3/2026 1:05:44 PM,982.5,101.7,0.1525,119.8,0.4679,0.5233,1.538,0,0,0,100,16.28,0.2797,404.1,200,1,0,0.4081,1,1,1,1,1,1,1,4,4,-1,[ OK ]
567.9,4/3/2026 1:05:44 PM,982.9,101.7,0.1523,120.4,0.4775,0.5241,1.528,0,0,0,100,16.28,0.279,404.3,200,1,0,0.4116,1,1,1,1,1,1,1,4,4,-1,[ OK ]
568.3,4/3/2026 1:05:44 PM,983.3,101.7,0.1523,120.1,0.4678,0.5243,1.525,0,0,0,100,16.28,0.2797,404,200,1,0,0.4105,1,1,1,1,1,1,1,4,4,-1,[ OK ]
568.7,4/3/2026 1:05:45 PM,983.8,101.7,0.1522,120.3,0.4678,0.5236,1.532,0,0,0,100,16.28,0.2768,404,200,1,0,0.4213,1,1,1,1,1,1,1,4,4,-1,[ OK ]
569.1,4/3/2026 1:05:45 PM,984.2,101.7,0.1522,120.4,0.4772,0.5239,1.529,0,0,0,100,16.28,0.2785,404.3,200,1,0,0.4124,1,1,1,1,1,1,1,4,4,-1,[ OK ]
569.5,4/3/2026 1:05:46 PM,984.6,101.7,0.1523,119.9,0.4809,0.5244,1.523,0,0,0,100,16.28,0.278,404.1,200,1,0,0.4107,1,1,1,1,1,1,1,4,4,-1,[ OK ]
569.8,4/3/2026 1:05:46 PM,984.9,101.7,0.1522,120.2,0.4721,0.5235,1.534,0,0,0,100,16.28,0.2797,404,200,1,0,0.4147,1,1,1,1,1,1,1,4,4,-1,[ OK ]
570.2,4/3/2026 1:05:46 PM,985.2,101.7,0.1522,120.1,0.4665,0.5235,1.533,0,0,0,100,16.28,0.2765,404.5,200,1,0,0.4208,1,1,1,1,1,1,1,4,4,-1,[ OK ]
570.5,4/3/2026 1:05:47 PM,985.6,101.7,0.1522,119.9,0.4774,0.5247,1.521,0,0,0,100,16.28,0.2794,404.4,200,1,0,0.4035,1,1,1,1,1,1,1,4,4,-1,[ OK ]
570.9,4/3/2026 1:05:47 PM,986,101.7,0.1519,121,0.4626,0.5235,1.534,0,0,0,100,16.28,0.2783,404.4,200,1,0,0.4123,1,1,1,1,1,1,1,4,4,-1,[ OK ]
571.2,4/3/2026 1:05:47 PM,986.3,101.7,0.1521,120.2,0.4681,0.5243,1.526,0,0,0,100,16.28,0.2776,404.4,200,1,0,0.3985,1,1,1,1,1,1,1,4,4,-1,[ OK ]
571.5,4/3/2026 1:05:48 PM,986.6,101.7,0.1519,120.7,0.4658,0.5247,1.521,0,0,0,100,16.28,0.2786,404.4,200,1,0,0.4019,1,1,1,1,1,1,1,4,4,-1,[ OK ]
571.9,4/3/2026 1:05:48 PM,986.9,101.7,0.1522,119.7,0.4646,0.5243,1.524,0,0,0,100,16.28,0.2768,404.4,200,1,0,0.4064,1,1,1,1,1,1,1,4,4,-1,[ OK ]
572.2,4/3/2026 1:05:48 PM,987.2,101.7,0.152,120.1,0.4684,0.5244,1.522,0,0,0,100,16.28,0.2745,404.2,200,1,0,0.4177,1,1,1,1,1,1,1,4,4,-1,[ OK ]
572.5,4/3/2026 1:05:49 PM,987.6,101.7,0.152,120.2,0.4687,0.5235,1.532,0,0,0,100,16.28,0.2784,404.1,200,1,0,0.4051,1,1,1,1,1,1,1,4,4,-1,[ OK ]
572.8,4/3/2026 1:05:49 PM,987.9,101.7,0.1521,119.7,0.472,0.5243,1.524,0,0,0,100,16.28,0.2749,404.4,200,1,0,0.4144,1,1,1,1,1,1,1,4,4,-1,[ OK ]
573.2,4/3/2026 1:05:49 PM,988.3,101.7,0.1519,120.2,0.4619,0.524,1.528,0,0,0,100,16.28,0.2752,404.3,200,1,0,0.4055,1,1,1,1,1,1,1,4,4,-1,[ OK ]
573.6,4/3/2026 1:05:50 PM,988.6,101.7,0.1521,119.5,0.4545,0.524,1.527,0,0,0,100,16.28,0.2746,404.3,200,1,0,0.4073,1,1,1,1,1,1,1,4,4,-1,[ OK ]
573.9,4/3/2026 1:05:50 PM,988.9,101.7,0.1517,120.5,0.4702,0.5233,1.534,0,0,0,100,16.28,0.2762,404.3,200,1,0,0.4082,1,1,1,1,1,1,1,4,4,-1,[ OK ]
574.2,4/3/2026 1:05:50 PM,989.2,101.7,0.1518,120.2,0.4553,0.5237,1.531,0,0,0,100,16.28,0.2749,404.3,200,1,0,0.3962,1,1,1,1,1,1,1,4,4,-1,[ OK ]
574.6,4/3/2026 1:05:51 PM,989.7,101.7,0.1517,120.3,0.458,0.5242,1.525,0,0,0,100,16.28,0.2753,403.9,200,1,0,0.3935,1,1,1,1,1,1,1,4,4,-1,[ OK ]
574.9,4/3/2026 1:05:51 PM,990,101.7,0.1514,121.4,0.462,0.5243,1.523,0,0,0,100,16.28,0.2772,404.1,200,1,0,0.3926,1,1,1,1,1,1,1,4,4,-1,[ OK ]
575.2,4/3/2026 1:05:51 PM,990.3,101.7,0.1516,120.5,0.4587,0.5235,1.534,0,0,0,100,16.28,0.2776,404,200,1,0,0.4012,1,1,1,1,1,1,1,4,4,-1,[ OK ]
575.5,4/3/2026 1:05:52 PM,990.6,101.7,0.1516,120.3,0.46,0.5237,1.532,0,0,0,100,16.28,0.2775,403.9,200,1,0,0.4054,1,1,1,1,1,1,1,4,4,-1,[ OK ]
575.9,4/3/2026 1:05:52 PM,990.9,101.7,0.1515,120.7,0.4571,0.5239,1.529,0,0,0,100,16.28,0.2761,404.1,200,1,0,0.4045,1,1,1,1,1,1,1,4,4,-1,[ OK ]
576.2,4/3/2026 1:05:52 PM,991.3,101.7,0.1516,120.2,0.4631,0.5241,1.527,0,0,0,100,16.28,0.279,404,200,1,0,0.3881,1,1,1,1,1,1,1,4,4,-1,[ OK ]
576.5,4/3/2026 1:05:53 PM,991.6,101.7,0.1516,120,0.4678,0.5235,1.535,0,0,0,100,16.28,0.2789,404,200,1,0,0.3973,1,1,1,1,1,1,1,4,4,-1,[ OK ]
576.8,4/3/2026 1:05:53 PM,991.9,101.7,0.1516,120.1,0.4655,0.5245,1.524,0,0,0,100,16.28,0.2762,404,200,1,0,0.4114,1,1,1,1,1,1,1,4,4,-1,[ OK ]
577.1,4/3/2026 1:05:53 PM,992.2,101.7,0.1516,119.8,0.4592,0.5241,1.528,0,0,0,100,16.28,0.2772,404.2,200,1,0,0.3971,1,1,1,1,1,1,1,4,4,-1,[ OK ]
577.4,4/3/2026 1:05:54 PM,992.5,101.7,0.1515,120.2,0.4647,0.5238,1.532,0,0,0,100,16.28,0.2763,404.4,200,1,0,0.406,1,1,1,1,1,1,1,4,4,-1,[ OK ]
577.8,4/3/2026 1:05:54 PM,992.8,101.7,0.1515,120.1,0.4553,0.5236,1.533,0,0,0,100,16.28,0.2779,404.2,200,1,0,0.4049,1,1,1,1,1,1,1,4,4,-1,[ OK ]
578.2,4/3/2026 1:05:54 PM,993.3,101.7,0.1516,119.8,0.4553,0.5241,1.527,0,0,0,100,16.28,0.2745,404.3,200,1,0,0.4133,1,1,1,1,1,1,1,4,4,-1,[ OK ]
578.5,4/3/2026 1:05:55 PM,993.6,101.7,0.1516,119.7,0.4634,0.5238,1.531,0,0,0,100,16.28,0.2763,404.2,200,1,0,0.3977,1,1,1,1,1,1,1,4,4,-1,[ OK ]
578.8,4/3/2026 1:05:55 PM,993.9,101.7,0.1513,120.4,0.458,0.5235,1.533,0,0,0,100,16.28,0.2759,404,200,1,0,0.3941,1,1,1,1,1,1,1,4,4,-1,[ OK ]
579.1,4/3/2026 1:05:55 PM,994.2,101.7,0.1513,120.4,0.4548,0.5235,1.534,0,0,0,100,16.28,0.2751,404.1,200,1,0,0.3917,1,1,1,1,1,1,1,4,4,-1,[ OK ]
579.6,4/3/2026 1:05:56 PM,994.6,101.7,0.1515,119.6,0.4525,0.5238,1.53,0,0,0,100,16.28,0.2761,404.5,200,1,0,0.399,1,1,1,1,1,1,1,4,4,-1,[ OK ]
579.9,4/3/2026 1:05:56 PM,994.9,101.7,0.1512,120.5,0.46,0.5245,1.523,0,0,0,100,16.28,0.2746,404.1,200,1,0,0.3927,1,1,1,1,1,1,1,4,4,-1,[ OK ]
580.2,4/3/2026 1:05:56 PM,995.3,101.7,0.1514,119.9,0.4525,0.5234,1.536,0,0,0,100,16.28,0.2751,404,200,1,0,0.3996,1,1,1,1,1,1,1,4,4,-1,[ OK ]
580.6,4/3/2026 1:05:57 PM,995.7,101.7,0.1513,120.1,0.4652,0.524,1.528,0,0,0,100,16.28,0.2752,404,200,1,0,0.4039,1,1,1,1,1,1,1,4,4,-1,[ OK ]
580.9,4/3/2026 1:05:57 PM,996,101.7,0.1513,120.2,0.4511,0.5244,1.524,0,0,0,100,16.28,0.2753,404.3,200,1,0,0.4092,1,1,1,1,1,1,1,4,4,-1,[ OK ]
581.2,4/3/2026 1:05:57 PM,996.3,101.7,0.1513,119.9,0.4616,0.5233,1.535,0,0,0,100,16.28,0.2751,404.2,200,1,0,0.404,1,1,1,1,1,1,1,4,4,-1,[ OK ]
581.6,4/3/2026 1:05:58 PM,996.6,101.7,0.1513,120,0.461,0.5238,1.531,0,0,0,100,16.28,0.2742,404.1,200,1,0,0.4087,1,1,1,1,1,1,1,4,4,-1,[ OK ]
581.9,4/3/2026 1:05:58 PM,996.9,101.7,0.1512,120.2,0.4496,0.5245,1.522,0,0,0,100,16.28,0.2761,404.2,200,1,0,0.3925,1,1,1,1,1,1,1,4,4,-1,[ OK ]
582.2,4/3/2026 1:05:58 PM,997.3,101.7,0.1513,120,0.4565,0.5235,1.534,0,0,0,100,16.28,0.2759,404.1,200,1,0,0.3985,1,1,1,1,1,1,1,4,4,-1,[ OK ]
582.5,4/3/2026 1:05:59 PM,997.6,101.7,0.1512,120.2,0.4553,0.5243,1.524,0,0,0,100,16.28,0.2752,403.9,200,1,0,0.4047,1,1,1,1,1,1,1,4,4,-1,[ OK ]
582.9,4/3/2026 1:05:59 PM,998,101.7,0.1513,119.8,0.4485,0.5238,1.53,0,0,0,100,16.28,0.2753,404.3,200,1,0,0.4024,1,1,1,1,1,1,1,4,4,-1,[ OK ]
583.2,4/3/2026 1:05:59 PM,998.3,101.7,0.1509,120.7,0.4445,0.5243,1.524,0,0,0,100,16.28,0.2744,404,200,1,0,0.3936,1,1,1,1,1,1,1,4,4,-1,[ OK ]
583.7,4/3/2026 1:06:00 PM,998.7,101.7,0.1512,120,0.4486,0.5247,1.52,0,0,0,100,16.28,0.2755,404,200,1,0,0.384,1,1,1,1,1,1,1,4,4,-1,[ OK ]
584.1,4/3/2026 1:06:00 PM,999.1,101.7,0.1511,120,0.4558,0.5246,1.521,0,0,0,100,16.28,0.2759,404.3,200,1,0,0.3846,1,1,1,1,1,1,1,4,4,-1,[ OK ]
584.5,4/3/2026 1:06:01 PM,999.6,101.7,0.151,120.4,0.453,0.5248,1.519,0,0,0,100,16.28,0.2755,404.1,200,1,0,0.4004,1,1,1,1,1,1,1,4,4,-1,[ OK ]
584.9,4/3/2026 1:06:01 PM,1000,101.7,0.1511,120,0.4535,0.5237,1.531,0,0,0,100,16.28,0.2732,404.1,200,1,0,0.3914,1,1,1,1,1,1,1,4,4,-1,[ OK ]
585.3,4/3/2026 1:06:02 PM,1000,101.7,0.1512,119.8,0.4595,0.5238,1.531,0,0,0,100,16.28,0.2757,404,200,1,0,0.3977,1,1,1,1,1,1,1,4,4,-1,[ OK ]
585.7,4/3/2026 1:06:02 PM,1001,101.7,0.151,120.5,0.4599,0.5241,1.527,0,0,0,100,16.28,0.2722,404.3,200,1,0,0.4073,1,1,1,1,1,1,1,4,4,-1,[ OK ]
586.1,4/3/2026 1:06:02 PM,1001,101.7,0.1511,120,0.444,0.5237,1.531,0,0,0,100,16.28,0.2738,404.4,200,1,0,0.405,1,1,1,1,1,1,1,4,4,-1,[ OK ]
586.5,4/3/2026 1:06:03 PM,1002,101.7,0.151,120.1,0.4555,0.5234,1.536,0,0,0,100,16.28,0.271,404.3,200,1,0,0.4077,1,1,1,1,1,1,1,4,4,-1,[ OK ]
586.9,4/3/2026 1:06:03 PM,1002,101.7,0.151,120,0.4584,0.5244,1.524,0,0,0,100,16.28,0.2723,404.2,200,1,0,0.4097,1,1,1,1,1,1,1,4,4,-1,[ OK ]
587.3,4/3/2026 1:06:04 PM,1002,101.7,0.1511,119.9,0.4501,0.5241,1.528,0,0,0,100,16.28,0.2726,404,200,1,0,0.4073,1,1,1,1,1,1,1,4,4,-1,[ OK ]
587.6,4/3/2026 1:06:04 PM,1003,101.7,0.1511,119.7,0.4584,0.5248,1.521,0,0,0,100,16.28,0.2721,404.4,200,1,0,0.4099,1,1,1,1,1,1,1,4,4,-1,[ OK ]
588.1,4/3/2026 1:06:04 PM,1003,101.7,0.151,120.3,0.4511,0.5235,1.534,0,0,0,100,16.28,0.2702,404.1,200,1,0,0.4074,1,1,1,1,1,1,1,4,4,-1,[ OK ]
588.5,4/3/2026 1:06:05 PM,1004,101.7,0.1511,119.9,0.4469,0.5242,1.526,0,0,0,100,16.28,0.2718,404.4,200,1,0,0.397,1,1,1,1,1,1,1,4,4,-1,[ OK ]
588.9,4/3/2026 1:06:05 PM,1004,101.7,0.151,120.1,0.4458,0.5238,1.529,0,0,0,100,16.28,0.2724,404.2,200,1,0,0.4066,1,1,1,1,1,1,1,4,4,-1,[ OK ]
589.3,4/3/2026 1:06:06 PM,1004,101.7,0.151,120,0.4475,0.5245,1.521,0,0,0,100,16.28,0.2718,404.5,200,1,0,0.4034,1,1,1,1,1,1,1,4,4,-1,[ OK ]
589.6,4/3/2026 1:06:06 PM,1005,101.7,0.1508,120.6,0.4572,0.5232,1.534,0,0,0,100,16.28,0.2705,404,200,1,0,0.4055,1,1,1,1,1,1,1,4,4,-1,[ OK ]
590.1,4/3/2026 1:06:06 PM,1005,101.7,0.1509,120.2,0.4471,0.5242,1.524,0,0,0,100,16.28,0.2734,404.2,200,1,0,0.4065,1,1,1,1,1,1,1,4,4,-1,[ OK ]
590.5,4/3/2026 1:06:07 PM,1006,101.7,0.151,120,0.445,0.5233,1.532,0,0,0,100,16.28,0.2738,404,200,1,0,0.3909,1,1,1,1,1,1,1,4,4,-1,[ OK ]
590.9,4/3/2026 1:06:07 PM,1006,101.7,0.1506,121.1,0.4542,0.524,1.526,0,0,0,100,16.28,0.2724,404.3,200,1,0,0.4102,1,1,1,1,1,1,1,4,4,-1,[ OK ]
591.3,4/3/2026 1:06:08 PM,1006,101.7,0.151,119.8,0.4511,0.5233,1.534,0,0,0,100,16.28,0.2707,404.3,200,1,0,0.394,1,1,1,1,1,1,1,4,4,-1,[ OK ]
591.7,4/3/2026 1:06:08 PM,1007,101.7,0.1503,122.2,0.4451,0.5245,1.521,0,0,0,100,16.28,0.2736,404.2,200,1,0,0.4031,1,1,1,1,1,1,1,4,4,-1,[ OK ]
592.2,4/3/2026 1:06:08 PM,1007,101.7,0.151,119.9,0.4513,0.5232,1.534,0,0,0,100,16.28,0.2723,404,200,1,0,0.3848,1,1,1,1,1,1,1,4,4,-1,[ OK ]
592.5,4/3/2026 1:06:09 PM,1008,101.7,0.1511,119.5,0.448,0.524,1.525,0,0,0,100,16.28,0.2732,404.2,200,1,0,0.403,1,1,1,1,1,1,1,4,4,-1,[ OK ]
592.9,4/3/2026 1:06:09 PM,1008,101.7,0.1509,120.1,0.4586,0.5239,1.526,0,0,0,100,16.28,0.2713,404,200,1,0,0.4046,1,1,1,1,1,1,1,4,4,-1,[ OK ]
593.3,4/3/2026 1:06:10 PM,1008,101.7,0.1509,120.1,0.4585,0.5242,1.523,0,0,0,100,16.28,0.2733,404.5,200,1,0,0.3978,1,1,1,1,1,1,1,4,4,-1,[ OK ]
593.7,4/3/2026 1:06:10 PM,1009,101.7,0.1509,120.1,0.4552,0.5232,1.534,0,0,0,100,16.28,0.272,404,200,1,0,0.3983,1,1,1,1,1,1,1,4,4,-1,[ OK ]
594.1,4/3/2026 1:06:10 PM,1009,101.7,0.1509,120.1,0.4554,0.5242,1.524,0,0,0,100,16.28,0.2707,404,200,1,0,0.3993,1,1,1,1,1,1,1,4,4,-1,[ OK ]
594.5,4/3/2026 1:06:11 PM,1010,101.7,0.1509,119.9,0.4585,0.5239,1.527,0,0,0,100,16.28,0.272,404.1,200,1,0,0.3954,1,1,1,1,1,1,1,4,4,-1,[ OK ]
594.9,4/3/2026 1:06:11 PM,1010,101.7,0.1511,119.5,0.4518,0.5234,1.533,0,0,0,100,16.28,0.2727,404,200,1,0,0.3946,1,1,1,1,1,1,1,4,4,-1,[ OK ]
595.3,4/3/2026 1:06:12 PM,1010,101.7,0.151,119.7,0.4462,0.5235,1.531,0,0,0,100,16.28,0.2714,404.4,200,1,0,0.3893,1,1,1,1,1,1,1,4,4,-1,[ OK ]
595.7,4/3/2026 1:06:12 PM,1011,101.7,0.1511,119.4,0.443,0.5237,1.529,0,0,0,100,16.28,0.2732,404.4,200,1,0,0.4038,1,1,1,1,1,1,1,4,4,-1,[ OK ]
596.1,4/3/2026 1:06:12 PM,1011,101.7,0.1508,120.1,0.4436,0.5231,1.536,0,0,0,100,16.28,0.2712,404,200,1,0,0.3917,1,1,1,1,1,1,1,4,4,-1,[ OK ]
596.5,4/3/2026 1:06:13 PM,1012,101.7,0.1509,120.1,0.4561,0.5238,1.529,0,0,0,100,16.28,0.2735,404.3,200,1,0,0.3932,1,1,1,1,1,1,1,4,4,-1,[ OK ]
596.8,4/3/2026 1:06:13 PM,1012,101.7,0.1509,120,0.4563,0.5233,1.534,0,0,0,100,16.28,0.2724,404.3,200,1,0,0.4041,1,1,1,1,1,1,1,4,4,-1,[ OK ]
597.2,4/3/2026 1:06:13 PM,1012,101.7,0.1509,119.8,0.4553,0.5239,1.528,0,0,0,100,16.28,0.2715,404.1,200,1,0,0.3909,1,1,1,1,1,1,1,4,4,-1,[ OK ]
597.5,4/3/2026 1:06:14 PM,1013,101.7,0.1509,120.1,0.4493,0.5245,1.52,0,0,0,100,16.28,0.2729,404.3,200,1,0,0.3878,1,1,1,1,1,1,1,4,4,-1,[ OK ]
597.8,4/3/2026 1:06:14 PM,1013,101.7,0.1509,120,0.4501,0.5236,1.529,0,0,0,100,16.28,0.2713,404.2,200,1,0,0.3988,1,1,1,1,1,1,1,4,4,-1,[ OK ]
598.2,4/3/2026 1:06:14 PM,1013,101.7,0.1511,119.4,0.4577,0.523,1.536,0,0,0,100,16.28,0.2748,404.3,200,1,0,0.3942,1,1,1,1,1,1,1,4,4,-1,[ OK ]
598.6,4/3/2026 1:06:15 PM,1014,101.7,0.151,119.7,0.4452,0.5242,1.522,0,0,0,100,16.28,0.2709,404.3,200,1,0,0.4058,1,1,1,1,1,1,1,4,4,-1,[ OK ]
598.9,4/3/2026 1:06:15 PM,1014,101.7,0.1508,120.3,0.4563,0.5239,1.526,0,0,0,100,16.28,0.2703,404.4,200,1,0,0.3971,1,1,1,1,1,1,1,4,4,-1,[ OK ]
599.2,4/3/2026 1:06:15 PM,1014,101.7,0.1509,119.9,0.4498,0.5229,1.537,0,0,0,100,16.28,0.2708,404,200,1,0,0.3946,1,1,1,1,1,1,1,4,4,-1,[ OK ]
599.5,4/3/2026 1:06:16 PM,1015,101.7,0.1508,120.1,0.4535,0.5236,1.53,0,0,0,100,16.28,0.2704,403.9,200,1,0,0.4062,1,1,1,1,1,1,1,4,4,-1,[ OK ]
599.8,4/3/2026 1:06:16 PM,1015,101.7,0.1507,120.4,0.4438,0.5238,1.529,0,0,0,100,16.28,0.2691,404.4,200,1,0,0.3994,1,1,1,1,1,1,1,4,4,-1,[ OK ]
600.3,4/3/2026 1:06:16 PM,1015,101.7,0.1507,120.4,0.445,0.5234,1.534,0,0,0,100,16.28,0.2709,404.4,200,1,0,0.3889,1,1,1,1,1,1,1,4,4,-1,[ OK ]
600.6,4/3/2026 1:06:17 PM,1016,101.7,0.1508,120,0.4509,0.5239,1.529,0,0,0,100,16.28,0.2711,404.3,200,1,0,0.4005,1,1,1,1,1,1,1,4,4,-1,[ OK ]
601.0,4/3/2026 1:06:17 PM,1016,101.7,0.151,119.4,0.4489,0.5235,1.533,0,0,0,100,16.28,0.2721,404.3,200,1,0,0.391,1,1,1,1,1,1,1,4,4,-1,[ OK ]
601.4,4/3/2026 1:06:18 PM,1016,101.7,0.1507,120.4,0.4545,0.5236,1.532,0,0,0,100,16.28,0.2688,404.2,200,1,0,0.4075,1,1,1,1,1,1,1,4,4,-1,[ OK ]
601.8,4/3/2026 1:06:18 PM,1017,101.7,0.1507,120.2,0.455,0.5237,1.531,0,0,0,100,16.28,0.2689,404.4,200,1,0,0.4028,1,1,1,1,1,1,1,4,4,-1,[ OK ]
602.3,4/3/2026 1:06:18 PM,1017,101.7,0.1507,120,0.4506,0.5246,1.522,0,0,0,100,16.28,0.2704,404,200,1,0,0.3912,1,1,1,1,1,1,1,4,4,-1,[ OK ]
602.6,4/3/2026 1:06:19 PM,1018,101.7,0.1508,119.8,0.4449,0.5234,1.534,0,0,0,100,16.28,0.2697,404.4,200,1,0,0.3995,1,1,1,1,1,1,1,4,4,-1,[ OK ]
602.9,4/3/2026 1:06:19 PM,1018,101.7,0.1508,119.9,0.4432,0.5238,1.529,0,0,0,100,16.28,0.2695,404.2,200,1,0,0.4058,1,1,1,1,1,1,1,4,4,-1,[ OK ]
603.3,4/3/2026 1:06:20 PM,1018,101.7,0.1506,120.3,0.4493,0.5244,1.523,0,0,0,100,16.28,0.2715,404.4,200,1,0,0.3917,1,1,1,1,1,1,1,4,4,-1,[ OK ]
603.8,4/3/2026 1:06:20 PM,1019,101.7,0.1507,120.3,0.4444,0.5241,1.526,0,0,0,100,16.28,0.2673,404.3,200,1,0,0.4116,1,1,1,1,1,1,1,4,4,-1,[ OK ]
604.2,4/3/2026 1:06:20 PM,1019,101.7,0.1508,119.8,0.4527,0.5242,1.525,0,0,0,100,16.28,0.2689,404.2,200,1,0,0.4044,1,1,1,1,1,1,1,4,4,-1,[ OK ]
604.6,4/3/2026 1:06:21 PM,1020,101.7,0.1507,120,0.4505,0.5245,1.522,0,0,0,100,16.28,0.268,404,200,1,0,0.4051,1,1,1,1,1,1,1,4,4,-1,[ OK ]
605.0,4/3/2026 1:06:21 PM,1020,101.7,0.1508,120.1,0.4426,0.5243,1.523,0,0,0,100,16.28,0.2674,403.9,200,1,0,0.3994,1,1,1,1,1,1,1,4,4,-1,[ OK ]
605.4,4/3/2026 1:06:22 PM,1020,101.7,0.1506,120.5,0.4556,0.524,1.525,0,0,0,100,16.28,0.2672,404.2,200,1,0,0.4026,1,1,1,1,1,1,1,4,4,-1,[ OK ]
605.8,4/3/2026 1:06:22 PM,1021,101.7,0.1506,120.4,0.4546,0.5237,1.529,0,0,0,100,16.28,0.2688,404.1,200,1,0,0.4085,1,1,1,1,1,1,1,4,4,-1,[ OK ]
606.3,4/3/2026 1:06:22 PM,1021,101.7,0.1506,120.3,0.4489,0.5241,1.523,0,0,0,100,16.28,0.2674,403.8,200,1,0,0.4083,1,1,1,1,1,1,1,4,4,-1,[ OK ]
606.7,4/3/2026 1:06:23 PM,1022,101.7,0.1507,120.1,0.4524,0.5234,1.532,0,0,0,100,16.28,0.2674,404.3,200,1,0,0.4039,1,1,1,1,1,1,1,4,4,-1,[ OK ]
607.1,4/3/2026 1:06:23 PM,1022,101.7,0.1507,119.9,0.456,0.5244,1.521,0,0,0,100,16.28,0.2667,404.3,200,1,0,0.4111,1,1,1,1,1,1,1,4,4,-1,[ OK ]
607.5,4/3/2026 1:06:24 PM,1023,101.7,0.1505,120.4,0.4457,0.5235,1.531,0,0,0,100,16.28,0.2674,404.2,200,1,0,0.4087,1,1,1,1,1,1,1,4,4,-1,[ OK ]
607.9,4/3/2026 1:06:24 PM,1023,101.7,0.1506,120.2,0.4493,0.5236,1.529,0,0,0,100,16.28,0.2664,404,200,1,0,0.3997,1,1,1,1,1,1,1,4,4,-1,[ OK ]
608.4,4/3/2026 1:06:25 PM,1023,101.7,0.1507,119.7,0.4434,0.5246,1.519,0,0,0,100,16.28,0.2688,404.3,200,1,0,0.399,1,1,1,1,1,1,1,4,4,-1,[ OK ]
608.8,4/3/2026 1:06:25 PM,1024,101.7,0.1506,120.1,0.4459,0.5237,1.528,0,0,0,100,16.28,0.2693,404.1,200,1,0,0.4001,1,1,1,1,1,1,1,4,4,-1,[ OK ]
609.2,4/3/2026 1:06:25 PM,1024,101.7,0.1507,119.8,0.4433,0.5231,1.535,0,0,0,100,16.28,0.2681,404,200,1,0,0.407,1,1,1,1,1,1,1,4,4,-1,[ OK ]
609.6,4/3/2026 1:06:26 PM,1025,101.7,0.1505,120.4,0.4426,0.5237,1.528,0,0,0,100,16.28,0.2689,404.3,200,1,0,0.3968,1,1,1,1,1,1,1,4,4,-1,[ OK ]
610.0,4/3/2026 1:06:26 PM,1025,101.7,0.1507,119.8,0.4547,0.5236,1.529,0,0,0,100,16.28,0.2684,404.3,200,1,0,0.3969,1,1,1,1,1,1,1,4,4,-1,[ OK ]
610.5,4/3/2026 1:06:27 PM,1026,101.7,0.1508,119.5,0.4464,0.523,1.536,0,0,0,100,16.28,0.2701,403.9,200,1,0,0.4017,1,1,1,1,1,1,1,4,4,-1,[ OK ]
610.9,4/3/2026 1:06:27 PM,1026,101.7,0.1507,119.9,0.4557,0.5232,1.533,0,0,0,100,16.28,0.271,404.4,200,1,0,0.3885,1,1,1,1,1,1,1,4,4,-1,[ OK ]
611.3,4/3/2026 1:06:28 PM,1026,101.7,0.1507,120,0.4472,0.5238,1.527,0,0,0,100,16.28,0.2662,404,200,1,0,0.403,1,1,1,1,1,1,1,4,4,-1,[ OK ]
611.7,4/3/2026 1:06:28 PM,1027,101.7,0.1505,120.3,0.4523,0.5234,1.532,0,0,0,100,16.28,0.2724,404.2,200,1,0,0.3963,1,1,1,1,1,1,1,4,4,-1,[ OK ]
612.2,4/3/2026 1:06:28 PM,1027,101.7,0.1507,119.8,0.4461,0.5235,1.531,0,0,0,100,16.28,0.2678,403.8,200,1,0,0.395,1,1,1,1,1,1,1,4,4,-1,[ OK ]
612.9,4/3/2026 1:06:29 PM,1028,101.7,0.1509,119.2,0.4507,0.5242,1.523,0,0,0,100,16.28,0.2681,404.2,200,1,0,0.395,1,1,1,1,1,1,1,4,4,-1,[ OK ]
613.3,4/3/2026 1:06:30 PM,1028,101.7,0.1508,119.6,0.4487,0.5235,1.53,0,0,0,100,16.28,0.269,404.1,200,1,0,0.3986,1,1,1,1,1,1,1,4,4,-1,[ OK ]
613.7,4/3/2026 1:06:30 PM,1029,101.7,0.1506,120.3,0.451,0.5237,1.529,0,0,0,100,16.28,0.2693,404,200,1,0,0.4081,1,1,1,1,1,1,1,4,4,-1,[ OK ]
614.1,4/3/2026 1:06:30 PM,1029,101.7,0.1504,121,0.4554,0.5235,1.531,0,0,0,100,16.28,0.2694,404,200,1,0,0.3978,1,1,1,1,1,1,1,4,4,-1,[ OK ]
614.5,4/3/2026 1:06:31 PM,1030,101.7,0.1505,120.7,0.4437,0.5243,1.521,0,0,0,100,16.28,0.2672,404,200,1,0,0.4056,1,1,1,1,1,1,1,4,4,-1,[ OK ]
615.0,4/3/2026 1:06:31 PM,1030,101.7,0.1506,120.3,0.4527,0.5235,1.53,0,0,0,100,16.28,0.2681,404.2,200,1,0,0.4063,1,1,1,1,1,1,1,4,4,-1,[ OK ]
615.4,4/3/2026 1:06:32 PM,1030,101.7,0.1507,119.8,0.4521,0.5243,1.521,0,0,0,100,16.28,0.2694,404.1,200,1,0,0.4083,1,1,1,1,1,1,1,4,4,-1,[ OK ]
615.8,4/3/2026 1:06:32 PM,1031,101.7,0.1505,120.6,0.4441,0.523,1.535,0,0,0,100,16.28,0.2652,404.4,200,1,0,0.416,1,1,1,1,1,1,1,4,4,-1,[ OK ]
616.2,4/3/2026 1:06:32 PM,1031,101.7,0.1508,119.8,0.4441,0.5233,1.533,0,0,0,100,16.28,0.2675,404.1,200,1,0,0.3984,1,1,1,1,1,1,1,4,4,-1,[ OK ]
616.6,4/3/2026 1:06:33 PM,1032,101.7,0.1508,119.7,0.45,0.5242,1.523,0,0,0,100,16.28,0.2662,404,200,1,0,0.3985,1,1,1,1,1,1,1,4,4,-1,[ OK ]
617.2,4/3/2026 1:06:33 PM,1032,101.7,0.1508,119.6,0.4469,0.5234,1.532,0,0,0,100,16.28,0.2653,404.4,200,1,0,0.4007,1,1,1,1,1,1,1,4,4,-1,[ OK ]
617.7,4/3/2026 1:06:34 PM,1033,101.7,0.1508,119.8,0.4509,0.5242,1.523,0,0,0,100,16.28,0.2679,404,200,1,0,0.4009,1,1,1,1,1,1,1,4,4,-1,[ OK ]
618.2,4/3/2026 1:06:34 PM,1033,101.7,0.1508,119.7,0.4532,0.5236,1.529,0,0,0,100,16.28,0.2662,404.1,200,1,0,0.4076,1,1,1,1,1,1,1,4,4,-1,[ OK ]
618.7,4/3/2026 1:06:35 PM,1034,101.7,0.1508,119.5,0.4426,0.5241,1.523,0,0,0,100,16.28,0.2691,404,200,1,0,0.408,1,1,1,1,1,1,1,4,4,-1,[ OK ]
619.1,4/3/2026 1:06:35 PM,1034,101.7,0.1507,119.8,0.4485,0.5232,1.534,0,0,0,100,16.28,0.2675,404.1,200,1,0,0.3977,1,1,1,1,1,1,1,4,4,-1,[ OK ]
619.6,4/3/2026 1:06:36 PM,1035,101.7,0.1507,119.9,0.4486,0.5236,1.528,0,0,0,100,16.28,0.2694,404.3,200,1,0,0.3944,1,1,1,1,1,1,1,4,4,-1,[ OK ]
620.0,4/3/2026 1:06:36 PM,1035,101.7,0.1507,120,0.4484,0.524,1.525,0,0,0,100,16.28,0.2681,404,200,1,0,0.4071,1,1,1,1,1,1,1,4,4,-1,[ OK ]
620.4,4/3/2026 1:06:37 PM,1035,101.7,0.1506,120.2,0.4531,0.5242,1.523,0,0,0,100,16.28,0.2667,404.3,200,1,0,0.412,1,1,1,1,1,1,1,4,4,-1,[ OK ]
620.8,4/3/2026 1:06:37 PM,1036,101.7,0.1507,119.9,0.4509,0.5232,1.534,0,0,0,100,16.28,0.2665,404.3,200,1,0,0.398,1,1,1,1,1,1,1,4,4,-1,[ OK ]
621.2,4/3/2026 1:06:37 PM,1036,101.7,0.1507,119.8,0.4489,0.5242,1.524,0,0,0,100,16.28,0.2686,404.3,200,1,0,0.4047,1,1,1,1,1,1,1,4,4,-1,[ OK ]
621.7,4/3/2026 1:06:38 PM,1037,101.7,0.1505,120.5,0.445,0.5241,1.525,0,0,0,100,16.28,0.2675,404.3,200,1,0,0.4063,1,1,1,1,1,1,1,4,4,-1,[ OK ]
622.1,4/3/2026 1:06:38 PM,1037,101.7,0.1505,120.3,0.45,0.5234,1.532,0,0,0,100,16.28,0.2694,404.4,200,1,0,0.3914,1,1,1,1,1,1,1,4,4,-1,[ OK ]
622.6,4/3/2026 1:06:39 PM,1038,101.7,0.1506,120,0.4471,0.5243,1.522,0,0,0,100,16.28,0.2662,404,200,1,0,0.4113,1,1,1,1,1,1,1,4,4,-1,[ OK ]
623.0,4/3/2026 1:06:39 PM,1038,101.7,0.1505,120.5,0.4426,0.5239,1.527,0,0,0,100,16.28,0.2689,404.1,200,1,0,0.4093,1,1,1,1,1,1,1,4,4,-1,[ OK ]
623.4,4/3/2026 1:06:40 PM,1039,101.7,0.1507,119.9,0.4498,0.5233,1.532,0,0,0,100,16.28,0.2675,404.3,200,1,0,0.4091,1,1,1,1,1,1,1,4,4,-1,[ OK ]
623.9,4/3/2026 1:06:40 PM,1039,101.7,0.1509,119.3,0.4493,0.5232,1.535,0,0,0,100,16.28,0.2668,404.3,200,1,0,0.3983,1,1,1,1,1,1,1,4,4,-1,[ OK ]
624.3,4/3/2026 1:06:41 PM,1039,101.7,0.1507,120.1,0.4504,0.5245,1.52,0,0,0,100,16.28,0.2662,403.9,200,1,0,0.4081,1,1,1,1,1,1,1,4,4,-1,[ OK ]
624.7,4/3/2026 1:06:41 PM,1040,101.7,0.1506,120.2,0.4505,0.5233,1.533,0,0,0,100,16.28,0.2693,404.2,200,1,0,0.3938,1,1,1,1,1,1,1,4,4,-1,[ OK ]
625.1,4/3/2026 1:06:41 PM,1040,101.7,0.1505,120.5,0.4472,0.5237,1.529,0,0,0,100,16.28,0.2658,404.3,200,1,0,0.4153,1,1,1,1,1,1,1,4,4,-1,[ OK ]
625.6,4/3/2026 1:06:42 PM,1041,101.7,0.1507,119.8,0.4522,0.5232,1.534,0,0,0,100,16.28,0.2694,403.9,200,1,0,0.3927,1,1,1,1,1,1,1,4,4,-1,[ OK ]
626.0,4/3/2026 1:06:42 PM,1041,101.7,0.1505,120.5,0.4474,0.5233,1.533,0,0,0,100,16.28,0.2651,404.3,200,1,0,0.4021,1,1,1,1,1,1,1,4,4,-1,[ OK ]
626.4,4/3/2026 1:06:43 PM,1041,101.7,0.1508,119.5,0.4426,0.5245,1.521,0,0,0,100,16.28,0.2669,404.4,200,1,0,0.397,1,1,1,1,1,1,1,4,4,-1,[ OK ]
626.8,4/3/2026 1:06:43 PM,1042,101.7,0.1509,119.1,0.445,0.5238,1.528,0,0,0,100,16.28,0.2677,404.1,200,1,0,0.4014,1,1,1,1,1,1,1,4,4,-1,[ OK ]
627.2,4/3/2026 1:06:43 PM,1042,101.7,0.1508,119.7,0.4437,0.524,1.526,0,0,0,100,16.28,0.2672,404.2,200,1,0,0.4007,1,1,1,1,1,1,1,4,4,-1,[ OK ]
627.6,4/3/2026 1:06:44 PM,1043,101.7,0.1507,120,0.449,0.5242,1.523,0,0,0,100,16.28,0.2685,404,200,1,0,0.3934,1,1,1,1,1,1,1,4,4,-1,[ OK ]
628.1,4/3/2026 1:06:44 PM,1043,101.7,0.1508,119.4,0.4552,0.524,1.525,0,0,0,100,16.28,0.2707,404,200,1,0,0.3932,1,1,1,1,1,1,1,4,4,-1,[ OK ]
628.5,4/3/2026 1:06:45 PM,1044,101.7,0.1507,119.8,0.4434,0.5232,1.534,0,0,0,100,16.28,0.2668,404.2,200,1,0,0.3971,1,1,1,1,1,1,1,4,4,-1,[ OK ]
628.9,4/3/2026 1:06:45 PM,1044,101.7,0.1505,120.6,0.4495,0.5233,1.533,0,0,0,100,16.28,0.2684,404.2,200,1,0,0.4024,1,1,1,1,1,1,1,4,4,-1,[ OK ]
629.3,4/3/2026 1:06:46 PM,1044,101.7,0.1506,120.1,0.4489,0.5241,1.524,0,0,0,100,16.28,0.2662,404.1,200,1,0,0.4028,1,1,1,1,1,1,1,4,4,-1,[ OK ]
629.7,4/3/2026 1:06:46 PM,1045,101.7,0.1504,120.5,0.4433,0.524,1.525,0,0,0,100,16.28,0.2663,404.5,200,1,0,0.412,1,1,1,1,1,1,1,4,4,-1,[ OK ]
630.2,4/3/2026 1:06:46 PM,1045,101.7,0.1508,119.2,0.4465,0.5237,1.529,0,0,0,100,16.28,0.2668,404.4,200,1,0,0.4021,1,1,1,1,1,1,1,4,4,-1,[ OK ]
630.7,4/3/2026 1:06:47 PM,1046,101.7,0.1506,120,0.4552,0.5231,1.535,0,0,0,100,16.28,0.2681,404.4,200,1,0,0.3974,1,1,1,1,1,1,1,4,4,-1,[ OK ]
631.1,4/3/2026 1:06:47 PM,1046,101.7,0.1506,119.9,0.4426,0.5245,1.52,0,0,0,100,16.28,0.2661,404.3,200,1,0,0.3998,1,1,1,1,1,1,1,4,4,-1,[ OK ]
631.5,4/3/2026 1:06:48 PM,1047,101.7,0.1507,119.7,0.4434,0.5238,1.528,0,0,0,100,16.28,0.2674,403.9,200,1,0,0.385,1,1,1,1,1,1,1,4,4,-1,[ OK ]
632.0,4/3/2026 1:06:48 PM,1047,101.7,0.1505,120.1,0.443,0.5237,1.529,0,0,0,100,16.28,0.2674,404.3,200,1,0,0.4029,1,1,1,1,1,1,1,4,4,-1,[ OK ]
632.5,4/3/2026 1:06:49 PM,1048,101.7,0.1506,120,0.4505,0.5227,1.541,0,0,0,100,16.28,0.2676,404.2,200,1,0,0.4021,1,1,1,1,1,1,1,4,4,-1,[ OK ]
632.9,4/3/2026 1:06:49 PM,1048,101.7,0.1506,119.8,0.4426,0.523,1.538,0,0,0,100,16.28,0.2669,404.2,200,1,0,0.397,1,1,1,1,1,1,1,4,4,-1,[ OK ]
633.3,4/3/2026 1:06:50 PM,1048,101.7,0.1503,120.7,0.4426,0.5231,1.536,0,0,0,100,16.28,0.2645,404.3,200,1,0,0.4106,1,1,1,1,1,1,1,4,4,-1,[ OK ]
633.7,4/3/2026 1:06:50 PM,1049,101.7,0.1503,120.7,0.4427,0.5236,1.531,0,0,0,100,16.28,0.2657,404,200,1,0,0.3998,1,1,1,1,1,1,1,4,4,-1,[ OK ]
634.1,4/3/2026 1:06:50 PM,1049,101.7,0.1505,120,0.4437,0.5239,1.528,0,0,0,100,16.28,0.2689,404.2,200,1,0,0.3943,1,1,1,1,1,1,1,4,4,-1,[ OK ]
634.6,4/3/2026 1:06:51 PM,1050,101.7,0.1507,119.4,0.4497,0.5233,1.534,0,0,0,100,16.28,0.2668,404.1,200,1,0,0.3972,1,1,1,1,1,1,1,4,4,-1,[ OK ]
635.0,4/3/2026 1:06:51 PM,1050,101.7,0.1508,119.3,0.4457,0.5238,1.528,0,0,0,100,16.28,0.2658,404,200,1,0,0.3994,1,1,1,1,1,1,1,4,4,-1,[ OK ]
635.4,4/3/2026 1:06:52 PM,1050,101.7,0.1505,120.2,0.4501,0.5232,1.535,0,0,0,100,16.28,0.2682,404,200,1,0,0.3958,1,1,1,1,1,1,1,4,4,-1,[ OK ]
635.8,4/3/2026 1:06:52 PM,1051,101.7,0.1505,119.9,0.4453,0.5234,1.533,0,0,0,100,16.28,0.2667,404.2,200,1,0,0.3976,1,1,1,1,1,1,1,4,4,-1,[ OK ]
636.2,4/3/2026 1:06:52 PM,1051,101.7,0.1504,120.1,0.448,0.524,1.528,0,0,0,100,16.28,0.2668,404.1,200,1,0,0.3973,1,1,1,1,1,1,1,4,4,-1,[ OK ]
636.7,4/3/2026 1:06:53 PM,1052,101.7,0.1504,120.1,0.4426,0.524,1.527,0,0,0,100,16.28,0.2649,404.3,200,1,0,0.4016,1,1,1,1,1,1,1,4,4,-1,[ OK ]
637.1,4/3/2026 1:06:53 PM,1052,101.7,0.1505,119.6,0.4426,0.5236,1.532,0,0,0,100,16.28,0.267,404,200,1,0,0.3968,1,1,1,1,1,1,1,4,4,-1,[ OK ]
637.5,4/3/2026 1:06:54 PM,1053,101.7,0.1505,120,0.4446,0.5243,1.523,0,0,0,100,16.28,0.2656,404.3,200,1,0,0.3917,1,1,1,1,1,1,1,4,4,-1,[ OK ]
638.0,4/3/2026 1:06:54 PM,1053,101.7,0.1503,120.7,0.4443,0.5244,1.521,0,0,0,100,16.28,0.267,404.3,200,1,0,0.3967,1,1,1,1,1,1,1,4,4,-1,[ OK ]
638.4,4/3/2026 1:06:55 PM,1054,101.7,0.1504,120.3,0.4426,0.5235,1.53,0,0,0,100,16.28,0.2685,404.3,200,1,0,0.3974,1,1,1,1,1,1,1,4,4,-1,[ OK ]
638.9,4/3/2026 1:06:55 PM,1054,101.7,0.1505,119.8,0.4429,0.5232,1.533,0,0,0,100,16.28,0.2658,404.2,200,1,0,0.4007,1,1,1,1,1,1,1,4,4,-1,[ OK ]
639.3,4/3/2026 1:06:56 PM,1054,101.7,0.1505,119.7,0.4426,0.5236,1.529,0,0,0,100,16.28,0.2629,404,200,1,0,0.4063,1,1,1,1,1,1,1,4,4,-1,[ OK ]
639.7,4/3/2026 1:06:56 PM,1055,101.7,0.1503,120.3,0.4426,0.5241,1.523,0,0,0,100,16.28,0.2658,404.3,200,1,0,0.4083,1,1,1,1,1,1,1,4,4,-1,[ OK ]
640.1,4/3/2026 1:06:56 PM,1055,101.7,0.1506,119.5,0.4478,0.5232,1.533,0,0,0,100,16.28,0.2667,404.4,200,1,0,0.4068,1,1,1,1,1,1,1,4,4,-1,[ OK ]
640.5,4/3/2026 1:06:57 PM,1056,101.7,0.1503,120.4,0.4477,0.5232,1.533,0,0,0,100,16.28,0.2678,403.9,200,1,0,0.4126,1,1,1,1,1,1,1,4,4,-1,[ OK ]
641.0,4/3/2026 1:06:57 PM,1056,101.7,0.1504,120.2,0.4426,0.5243,1.522,0,0,0,100,16.28,0.268,404.1,200,1,0,0.3944,1,1,1,1,1,1,1,4,4,-1,[ OK ]
641.4,4/3/2026 1:06:58 PM,1056,101.7,0.1505,119.9,0.4505,0.5238,1.527,0,0,0,100,16.28,0.2658,404,200,1,0,0.3994,1,1,1,1,1,1,1,4,4,-1,[ OK ]
641.8,4/3/2026 1:06:58 PM,1057,101.7,0.1505,119.9,0.4492,0.5236,1.529,0,0,0,100,16.28,0.2672,404,200,1,0,0.3966,1,1,1,1,1,1,1,4,4,-1,[ OK ]
642.2,4/3/2026 1:06:58 PM,1057,101.7,0.1504,120.2,0.4426,0.5235,1.531,0,0,0,100,16.28,0.2668,404.4,200,1,0,0.3972,1,1,1,1,1,1,1,4,4,-1,[ OK ]
642.7,4/3/2026 1:06:59 PM,1058,101.7,0.1502,120.7,0.4426,0.5239,1.527,0,0,0,100,16.28,0.2686,404.1,200,1,0,0.398,1,1,1,1,1,1,1,4,4,-1,[ OK ]
643.2,4/3/2026 1:06:59 PM,1058,101.7,0.1505,119.8,0.4438,0.5242,1.523,0,0,0,100,16.28,0.2681,404.1,200,1,0,0.3942,1,1,1,1,1,1,1,4,4,-1,[ OK ]
643.6,4/3/2026 1:07:00 PM,1059,101.7,0.1505,119.9,0.447,0.5233,1.532,0,0,0,100,16.28,0.2679,404,200,1,0,0.3947,1,1,1,1,1,1,1,4,4,-1,[ OK ]
644.0,4/3/2026 1:07:00 PM,1059,101.7,0.1503,120.4,0.4426,0.5233,1.532,0,0,0,100,16.28,0.2665,404,200,1,0,0.398,1,1,1,1,1,1,1,4,4,-1,[ OK ]
644.4,4/3/2026 1:07:01 PM,1059,101.7,0.1506,119.4,0.4441,0.5236,1.529,0,0,0,100,16.28,0.2669,404.1,200,1,0,0.397,1,1,1,1,1,1,1,4,4,-1,[ OK ]
644.8,4/3/2026 1:07:01 PM,1060,101.7,0.1505,119.9,0.4426,0.5236,1.53,0,0,0,100,16.28,0.2679,404.4,200,1,0,0.3977,1,1,1,1,1,1,1,4,4,-1,[ OK ]
645.3,4/3/2026 1:07:01 PM,1060,101.7,0.1505,120,0.4426,0.5238,1.528,0,0,0,100,16.28,0.267,404.3,200,1,0,0.3967,1,1,1,1,1,1,1,4,4,-1,[ OK ]
645.7,4/3/2026 1:07:02 PM,1061,101.7,0.1504,120.2,0.4433,0.5242,1.523,0,0,0,100,16.28,0.2684,404.1,200,1,0,0.4025,1,1,1,1,1,1,1,4,4,-1,[ OK ]
646.1,4/3/2026 1:07:02 PM,1061,101.7,0.1505,119.9,0.4426,0.5237,1.527,0,0,0,100,16.28,0.2654,404,200,1,0,0.4084,1,1,1,1,1,1,1,4,4,-1,[ OK ]
646.5,4/3/2026 1:07:03 PM,1062,101.7,0.1506,119.7,0.4426,0.524,1.524,0,0,0,100,16.28,0.2693,404.2,200,1,0,0.4,1,1,1,1,1,1,1,4,4,-1,[ OK ]
646.9,4/3/2026 1:07:03 PM,1062,101.7,0.1505,120.1,0.4474,0.5237,1.528,0,0,0,100,16.28,0.2674,404,200,1,0,0.3959,1,1,1,1,1,1,1,4,4,-1,[ OK ]
647.4,4/3/2026 1:07:04 PM,1062,101.7,0.1505,120.2,0.4455,0.5233,1.532,0,0,0,100,16.28,0.2657,404.1,200,1,0,0.3998,1,1,1,1,1,1,1,4,4,-1,[ OK ]
647.8,4/3/2026 1:07:04 PM,1063,101.7,0.1505,119.9,0.4429,0.5237,1.529,0,0,0,100,16.28,0.2666,404,200,1,0,0.3978,1,1,1,1,1,1,1,4,4,-1,[ OK ]
648.2,4/3/2026 1:07:04 PM,1063,101.7,0.1507,119.4,0.4426,0.5235,1.532,0,0,0,100,16.28,0.2657,404.4,200,1,0,0.4017,1,1,1,1,1,1,1,4,4,-1,[ OK ]
648.6,4/3/2026 1:07:05 PM,1064,101.7,0.1505,120,0.4473,0.5236,1.531,0,0,0,100,16.28,0.2674,404,200,1,0,0.3959,1,1,1,1,1,1,1,4,4,-1,[ OK ]
649.0,4/3/2026 1:07:05 PM,1064,101.7,0.1504,120.2,0.4507,0.5242,1.524,0,0,0,100,16.28,0.2651,404.2,200,1,0,0.4026,1,1,1,1,1,1,1,4,4,-1,[ OK ]
649.4,4/3/2026 1:07:06 PM,1065,101.7,0.1505,120,0.443,0.5233,1.532,0,0,0,100,16.28,0.2666,404.4,200,1,0,0.4015,1,1,1,1,1,1,1,4,4,-1,[ OK ]
649.9,4/3/2026 1:07:06 PM,1065,101.7,0.1504,120.1,0.4466,0.5231,1.534,0,0,0,100,16.28,0.2656,404.2,200,1,0,0.4033,1,1,1,1,1,1,1,4,4,-1,[ OK ]
650.3,4/3/2026 1:07:07 PM,1065,101.7,0.1506,119.7,0.4458,0.5245,1.519,0,0,0,100,16.28,0.2662,404.3,200,1,0,0.3987,1,1,1,1,1,1,1,4,4,-1,[ OK ]
650.7,4/3/2026 1:07:07 PM,1066,101.7,0.1504,120.2,0.4426,0.523,1.535,0,0,0,100,16.28,0.2667,404,200,1,0,0.3974,1,1,1,1,1,1,1,4,4,-1,[ OK ]
651.1,4/3/2026 1:07:07 PM,1066,101.7,0.1503,120.5,0.4426,0.5242,1.524,0,0,0,100,16.28,0.2668,404.2,200,1,0,0.3971,1,1,1,1,1,1,1,4,4,-1,[ OK ]
651.5,4/3/2026 1:07:08 PM,1067,101.7,0.1505,120,0.435,0.5242,1.525,0,0,0,100,16.28,0.2668,404.1,200,1,0,0.399,1,1,1,1,1,1,1,4,4,-1,[ OK ]
652.0,4/3/2026 1:07:08 PM,1067,101.7,0.1507,119.5,0.437,0.5238,1.529,0,0,0,100,16.28,0.2709,404.5,200,1,0,0.388,1,1,1,1,1,1,1,4,4,-1,[ OK ]
652.4,4/3/2026 1:07:09 PM,1067,101.7,0.1507,119.5,0.4426,0.524,1.526,0,0,0,100,16.28,0.2706,403.8,200,1,0,0.3887,1,1,1,1,1,1,1,4,4,-1,[ OK ]
652.8,4/3/2026 1:07:09 PM,1068,101.7,0.1506,119.7,0.4506,0.5234,1.532,0,0,0,100,16.28,0.2712,403.9,200,1,0,0.3872,1,1,1,1,1,1,1,4,4,-1,[ OK ]
653.2,4/3/2026 1:07:09 PM,1068,101.7,0.1507,119.7,0.4426,0.524,1.524,0,0,0,100,16.28,0.2698,404.3,200,1,0,0.3904,1,1,1,1,1,1,1,4,4,-1,[ OK ]
653.6,4/3/2026 1:07:10 PM,1069,101.7,0.1507,119.6,0.4434,0.5236,1.528,0,0,0,100,16.28,0.2655,404,200,1,0,0.4044,1,1,1,1,1,1,1,4,4,-1,[ OK ]
654.1,4/3/2026 1:07:10 PM,1069,101.7,0.1504,120.5,0.4469,0.5236,1.528,0,0,0,100,16.28,0.2684,404.2,200,1,0,0.3978,1,1,1,1,1,1,1,4,4,-1,[ OK ]
654.5,4/3/2026 1:07:11 PM,1070,101.7,0.1508,119.2,0.4428,0.5238,1.526,0,0,0,100,16.28,0.2708,404,200,1,0,0.3984,1,1,1,1,1,1,1,4,4,-1,[ OK ]
654.9,4/3/2026 1:07:11 PM,1070,101.7,0.1506,120,0.4427,0.5241,1.522,0,0,0,100,16.28,0.2711,404.4,200,1,0,0.3962,1,1,1,1,1,1,1,4,4,-1,[ OK ]
655.3,4/3/2026 1:07:12 PM,1070,101.7,0.1505,120.3,0.4526,0.5243,1.519,0,0,0,100,16.28,0.2722,404,200,1,0,0.4003,1,1,1,1,1,1,1,4,4,-1,[ OK ]
655.8,4/3/2026 1:07:12 PM,1071,101.7,0.1505,120.1,0.4502,0.5237,1.527,0,0,0,100,16.28,0.2726,404,200,1,0,0.3935,1,1,1,1,1,1,1,4,4,-1,[ OK ]
656.2,4/3/2026 1:07:12 PM,1071,101.7,0.1505,120.1,0.4426,0.5243,1.52,0,0,0,100,16.28,0.2704,404.2,200,1,0,0.3909,1,1,1,1,1,1,1,4,4,-1,[ OK ]
656.6,4/3/2026 1:07:13 PM,1072,101.7,0.1506,120.1,0.4449,0.524,1.523,0,0,0,100,16.28,0.2719,404.2,200,1,0,0.3954,1,1,1,1,1,1,1,4,4,-1,[ OK ]
657.0,4/3/2026 1:07:13 PM,1072,101.7,0.1506,120,0.436,0.523,1.534,0,0,0,100,16.28,0.2722,404.4,200,1,0,0.3953,1,1,1,1,1,1,1,4,4,-1,[ OK ]
657.4,4/3/2026 1:07:14 PM,1072,101.7,0.1505,120.1,0.4426,0.5239,1.524,0,0,0,100,16.28,0.271,404.1,200,1,0,0.3743,1,1,1,1,1,1,1,4,4,-1,[ OK ]
657.8,4/3/2026 1:07:14 PM,1073,101.7,0.1508,119.2,0.4426,0.5244,1.519,0,0,0,100,16.28,0.2682,404.3,200,1,0,0.3939,1,1,1,1,1,1,1,4,4,-1,[ OK ]
658.4,4/3/2026 1:07:15 PM,1073,101.7,0.1504,120.5,0.4464,0.5225,1.539,0,0,0,100,16.28,0.2689,404.2,200,1,0,0.3997,1,1,1,1,1,1,1,4,4,-1,[ OK ]
658.8,4/3/2026 1:07:15 PM,1074,101.7,0.1504,120.6,0.4356,0.5234,1.529,0,0,0,100,16.28,0.2698,404.1,200,1,0,0.3904,1,1,1,1,1,1,1,4,4,-1,[ OK ]
659.2,4/3/2026 1:07:15 PM,1074,101.7,0.1503,120.8,0.4466,0.524,1.523,0,0,0,100,16.28,0.2689,404.2,200,1,0,0.4088,1,1,1,1,1,1,1,4,4,-1,[ OK ]
659.7,4/3/2026 1:07:16 PM,1075,101.7,0.1505,120.2,0.4426,0.5233,1.532,0,0,0,100,16.28,0.27,404.3,200,1,0,0.3899,1,1,1,1,1,1,1,4,4,-1,[ OK ]
660.1,4/3/2026 1:07:16 PM,1075,101.7,0.1504,120.2,0.4463,0.524,1.524,0,0,0,100,16.28,0.2681,404.1,200,1,0,0.3841,1,1,1,1,1,1,1,4,4,-1,[ OK ]
660.6,4/3/2026 1:07:17 PM,1076,101.7,0.1505,120.1,0.4426,0.5241,1.524,0,0,0,100,16.28,0.2685,404.4,200,1,0,0.3935,1,1,1,1,1,1,1,4,4,-1,[ OK ]
661.0,4/3/2026 1:07:17 PM,1076,101.7,0.1506,119.9,0.4426,0.5235,1.53,0,0,0,100,16.28,0.2695,403.9,200,1,0,0.3912,1,1,1,1,1,1,1,4,4,-1,[ OK ]
661.4,4/3/2026 1:07:18 PM,1076,101.7,0.1505,120.1,0.4443,0.5242,1.522,0,0,0,100,16.28,0.2697,404.2,200,1,0,0.3951,1,1,1,1,1,1,1,4,4,-1,[ OK ]
661.8,4/3/2026 1:07:18 PM,1077,101.7,0.1503,120.8,0.4426,0.5234,1.531,0,0,0,100,16.28,0.2692,404.3,200,1,0,0.3993,1,1,1,1,1,1,1,4,4,-1,[ OK ]
662.3,4/3/2026 1:07:18 PM,1077,101.7,0.1504,120.4,0.4426,0.5241,1.523,0,0,0,100,16.28,0.2701,404,200,1,0,0.3897,1,1,1,1,1,1,1,4,4,-1,[ OK ]
662.7,4/3/2026 1:07:19 PM,1078,101.7,0.1506,119.9,0.4432,0.5237,1.528,0,0,0,100,16.28,0.2701,404.3,200,1,0,0.3898,1,1,1,1,1,1,1,4,4,-1,[ OK ]
663.1,4/3/2026 1:07:19 PM,1078,101.7,0.1504,120.3,0.4466,0.5241,1.524,0,0,0,100,16.28,0.2712,404.2,200,1,0,0.3888,1,1,1,1,1,1,1,4,4,-1,[ OK ]
663.5,4/3/2026 1:07:20 PM,1079,101.7,0.1504,120.2,0.4426,0.5242,1.524,0,0,0,100,16.28,0.2682,404.3,200,1,0,0.3939,1,1,1,1,1,1,1,4,4,-1,[ OK ]
663.9,4/3/2026 1:07:20 PM,1079,101.7,0.1505,120,0.4435,0.524,1.525,0,0,0,100,16.28,0.2689,404,200,1,0,0.4035,1,1,1,1,1,1,1,4,4,-1,[ OK ]
664.3,4/3/2026 1:07:21 PM,1079,101.7,0.1506,119.5,0.4474,0.5243,1.521,0,0,0,100,16.28,0.2688,404.1,200,1,0,0.3992,1,1,1,1,1,1,1,4,4,-1,[ OK ]
664.8,4/3/2026 1:07:21 PM,1080,101.7,0.1506,119.7,0.446,0.5236,1.529,0,0,0,100,16.28,0.2681,404.3,200,1,0,0.4075,1,1,1,1,1,1,1,4,4,-1,[ OK ]
665.2,4/3/2026 1:07:21 PM,1080,101.7,0.1504,120.1,0.4426,0.5235,1.53,0,0,0,100,16.28,0.2683,403.9,200,1,0,0.3964,1,1,1,1,1,1,1,4,4,-1,[ OK ]
665.6,4/3/2026 1:07:22 PM,1081,101.7,0.1505,119.7,0.4498,0.5231,1.534,0,0,0,100,16.28,0.2699,403.9,200,1,0,0.3945,1,1,1,1,1,1,1,4,4,-1,[ OK ]
666.0,4/3/2026 1:07:22 PM,1081,101.7,0.1504,120.1,0.4426,0.5241,1.523,0,0,0,100,16.28,0.272,404.2,200,1,0,0.3856,1,1,1,1,1,1,1,4,4,-1,[ OK ]
666.5,4/3/2026 1:07:23 PM,1082,101.7,0.1505,119.9,0.4426,0.5239,1.525,0,0,0,100,16.28,0.2698,404.4,200,1,0,0.3942,1,1,1,1,1,1,1,4,4,-1,[ OK ]
666.9,4/3/2026 1:07:23 PM,1082,101.7,0.1505,120,0.4472,0.5239,1.525,0,0,0,100,16.28,0.268,404.1,200,1,0,0.3981,1,1,1,1,1,1,1,4,4,-1,[ OK ]
667.3,4/3/2026 1:07:24 PM,1082,101.7,0.1502,120.9,0.4426,0.524,1.524,0,0,0,100,16.28,0.2667,404.2,200,1,0,0.3975,1,1,1,1,1,1,1,4,4,-1,[ OK ]
668.4,4/3/2026 1:07:25 PM,1083,101.7,0.1506,119.7,0.4426,0.523,1.536,0,0,0,100,16.28,0.2687,404.3,200,1,0,0.4011,1,1,1,-1,1,1,1,3.875,4,2,[ OK ]
669.6,4/3/2026 1:07:26 PM,1084,101.7,0,90.83,0.0492,0.5239,1.527,0,0,0,100,16.28,0.2148,404.3,200,1,0,0,1,0,1,-1,1,0,1,3.625,4,2,[ OK ]
670.4,4/3/2026 1:07:27 PM,1085,101.7,0,24.45,0.04116,0.5242,1.523,0,0,0,100,16.28,0.2146,404,200,1,0,0,1,0,1,-1,1,0,1,3.625,4,2,[ OK ]
671.6,4/3/2026 1:07:28 PM,1086,101.7,0,13.35,0.04176,0.5232,1.534,0,0,0,100,16.28,0.2146,404.2,200,0,0,0,1,0,1,-1,1,0,1,3.125,4,2,[ OK ]
672.7,4/3/2026 1:07:29 PM,1087,101.7,0,4.059,0.04205,0.5234,1.53,0,0,0,100,16.28,0.001611,1.872,200,0,0,0,1,0,1,-1,1,0,2.492,3,3,2,[ OK ]
